ID,geo_Breite,geo_LÃ¤nge,PLZ
1,47.8413,8.8493,78267
3,50.7827,6.0941,52070
44,52.9335,8.2370,26197
52,53.6623,10.1990,22926
61,48.8443,12.6171,94330
70,48.2052,9.0371,72458
71,48.2156,8.9784,72458
72,48.2766,9.0001,72461
73,48.6159,13.0506,94501
78,52.4853,7.9126,49594
91,50.7446,9.3450,36304
93,50.7691,9.2542,36304
98,51.1890,8.4671,59955
102,53.8633,8.1275,26486
106,51.7976,10.4429,38707
116,50.9833,12.4333,04600
125,47.8342,10.8667,86972
129,53.6893,13.2420,17087
131,51.0881,12.9326,09326
132,49.7725,12.3891,95671
142,48.4060,11.3117,85250
150,49.7273,8.1164,55234
151,49.4691,11.8546,92224
154,48.0197,12.2924,83552
161,50.4237,7.4202,56626
164,53.0316,13.9908,16278
167,53.8412,13.6846,17389
169,50.5730,13.0053,09456
172,52.2486,9.5056,31832
174,49.1886,7.9766,76855
175,49.2964,10.5751,91522
176,49.2475,10.5826,91522
177,49.3158,10.5815,91522
183,54.6792,13.4343,18556
184,52.6769,12.0077,39596
185,54.6289,9.9294,24399
186,51.3773,8.0713,59821
191,49.9695,9.9113,97450
193,51.3845,9.0820,34454
198,51.3745,11.2920,06556
202,49.9778,9.1114,63741
207,51.7498,11.4667,06449
211,50.5800,8.4685,35614
217,47.8774,11.3642,82541
221,48.5515,11.7117,84072
222,50.5907,12.7140,08280
231,48.3723,10.8948,86152
232,48.4254,10.9420,86444
243,53.4621,7.4670,26605
257,48.7270,8.2458,76534
259,47.8064,7.6387,79379
268,48.5293,8.2727,72270
273,47.8413,9.6606,88255
282,49.8742,10.9206,96050
283,49.8808,10.8695,96049
284,49.8800,10.8800,96049
288,53.8409,13.7549,17398
294,52.3199,9.4300,30890
298,54.3406,12.7108,18356
303,52.0614,13.4996,15837
314,51.1604,14.5042,02627
320,49.9667,11.5197,95500
321,47.6797,12.0017,83735
326,51.7204,8.0577,59269
327,53.6234,8.8323,27624
330,49.5617,8.9673,64743
335,54.3426,10.6018,24321
342,52.3170,8.1694,49191
348,50.4135,7.5886,56170
355,49.6789,8.6276,64625
361,47.6344,13.0109,83471
365,49.3311,11.4303,92348
368,52.8152,9.9248,29303
377,49.1070,7.9967,76887
379,50.9074,11.2665,99438
386,51.0454,8.3851,57319
390,50.9837,8.3683,57319
395,52.4167,13.4833,12355
399,52.5198,13.4057,10178
400,52.6309,13.5022,13125
402,52.4564,13.2997,14195
403,52.4537,13.3017,12203
405,52.4500,13.6500,12587
407,52.6461,13.2858,13465
408,52.5333,13.3833,10115
410,52.4040,13.7309,15537
416,52.4069,13.4127,12305
417,52.4144,13.3036,12207
420,52.5447,13.5598,12679
422,52.5333,13.3833,10115
424,52.5000,13.4667,10245
425,52.4044,13.4838,12355
427,52.3807,13.5306,12529
429,52.5667,13.1694,13589
430,52.5644,13.3088,13405
432,52.6044,13.2952,13509
433,52.4675,13.4021,12099
434,52.4553,13.4699,12437
435,52.4289,13.2327,14163
445,51.8218,11.7109,06406
450,49.9186,7.0664,54470
458,50.0699,7.0306,56864
460,49.2640,6.6868,66802
474,48.1252,9.7639,88447
480,50.9275,8.4935,35216
502,49.8747,9.4883,97836
508,50.0539,11.8149,95493
524,51.6333,12.3167,06749
526,50.6738,11.2805,07422
535,50.0372,7.3079,56865
550,50.9041,11.7985,07646
553,51.8380,6.6107,46395
554,51.8293,6.5365,46395
555,51.4789,7.2697,44803
570,49.0768,13.0765,94249
576,48.6759,8.9732,71034
578,48.9451,11.3667,85110
588,51.7520,9.3953,37691
591,53.3911,10.6878,19258
592,53.8634,9.7344,25364
594,48.6407,9.6136,73087
596,54.0028,11.1908,23946
598,50.7285,7.0839,53115
599,50.7055,7.1467,53175
601,50.6983,7.0356,53123
603,50.7349,7.1931,53229
604,47.8194,8.3348,79848
606,48.0791,10.1977,87737
614,51.5709,9.3120,34434
617,51.8728,6.8862,46325
619,53.5788,6.6703,26757
634,49.4442,9.6458,97944
642,53.3517,8.4969,26919
643,53.2960,8.4529,26919
645,52.4083,7.9682,49565
648,53.8551,9.7152,25364
650,52.4136,12.5503,14770
652,49.5353,10.7706,91469
656,51.7234,10.6021,38700
657,51.6634,10.6690,38700
660,52.2744,10.5656,38104
661,52.2708,10.5334,38106
662,52.2914,10.4465,38116
685,49.9017,9.4281,97840
691,53.0450,8.7979,28199
699,53.1004,8.7834,28219
701,53.5332,8.5761,27570
702,53.5876,8.6015,27578
703,53.4779,9.1553,27432
704,53.4451,9.1390,27432
705,53.5312,9.1664,27432
706,47.8858,7.6611,79427
710,49.0250,8.6991,75015
717,51.3873,8.5737,59929
722,51.7986,10.6183,38879
727,49.7345,8.9557,64753
729,50.8282,10.4540,98599
736,49.6303,7.1148,55767
743,51.2000,6.1333,41372
755,49.5182,9.3213,74722
757,47.9625,7.9983,79256
760,53.3629,9.9435,21224
766,50.1746,7.0595,56823
769,52.2817,9.0889,31675
771,50.2769,9.1167,63654
772,48.6957,8.1744,77830
773,48.6743,8.1799,77830
793,49.6620,7.1098,55767
807,49.7450,10.6434,96132
817,51.0306,8.8146,35099
829,50.3960,8.5465,35510
833,50.6951,13.4975,09544
840,50.4313,12.6114,08309
848,52.6146,10.0726,29221
850,52.5959,10.0296,29225
851,49.2504,12.6040,93482
853,50.7913,12.8720,09122
856,47.8843,12.5404,83339
863,51.7904,10.3470,38678
865,52.8441,8.0624,49661
867,50.3067,10.9680,96486
876,51.3040,13.0096,04779
879,51.7667,14.2833,03046
880,51.7760,14.3168,03044
881,49.0985,10.0979,74564
888,50.8149,12.3821,08451
891,53.8713,8.7058,27472
896,51.0778,10.8619,99100
917,49.8809,8.6779,64287
918,49.8453,8.6240,64295
919,49.8697,8.6796,64287
920,49.8564,8.5929,64347
927,50.1957,6.8279,54550
931,47.8007,9.4108,88693
948,51.8512,12.2515,06844
953,49.7619,7.0541,54411
954,54.1796,7.4587,-3
963,52.5881,8.3424,49356
964,50.0832,6.8904,54533
965,51.2401,13.4166,01612
970,49.4158,10.6734,90599
979,50.7364,8.2672,35683
982,48.5701,10.4985,89407
983,48.5562,10.5599,89407
991,50.9117,13.7087,01744
998,48.7968,8.4921,75335
1000,54.1442,11.8454,18209
1001,51.6451,13.5747,03253
1003,51.1333,13.1167,04720
1006,53.1399,11.2544,19303
1018,47.9422,8.5046,78166
1032,51.5120,7.5345,44143
1047,51.0557,13.7274,01067
1048,51.1280,13.7543,01109
1050,51.0221,13.8470,01326
1051,51.0240,13.7737,01219
1052,52.2174,12.1641,39291
1053,51.7337,9.0445,33014
1066,51.5040,10.2613,37115
1072,49.4719,8.1929,67098
1073,49.4686,8.1797,67098
1074,51.3043,12.0810,06231
1076,48.0135,8.5343,78073
1078,51.2960,6.7686,40489
1079,51.1998,6.7574,40221
1084,51.3940,6.7026,47229
1087,51.4634,6.7321,47119
1091,51.2806,10.7362,99713
1093,49.4600,8.9584,69412
1102,48.7201,9.5328,73061
1103,48.1002,11.9872,85560
1106,52.8239,13.7979,16225
1107,49.8520,10.4990,96157
1130,54.6282,9.3649,24852
1146,48.6593,8.9121,71139
1154,48.3416,12.8820,84367
1161,48.8777,11.2349,85072
1169,47.6288,7.5959,79591
1172,51.8189,9.8871,37574
1182,51.5029,11.5705,06295
1188,50.7041,10.8576,98716
1197,48.9895,10.1312,73479
1200,54.0691,9.0105,25704
1201,50.9281,6.5646,50189
1204,53.2346,8.4612,26931
1207,50.2705,12.2742,08645
1214,48.2012,8.1089,79215
1219,53.3449,7.1909,26723
1221,53.3707,7.2236,26725
1224,48.1378,7.8351,79312
1228,54.1651,6.3460,-3
1229,50.3324,7.6975,56132
1238,50.9884,7.4250,51766
1239,47.8516,8.7673,78234
1243,48.4734,9.3028,72813
1246,51.8418,8.0607,59320
1254,49.1307,8.9165,75031
1255,49.1664,8.8523,75031
1262,48.3477,11.8133,85445
1266,54.2992,9.3162,24803
1270,50.9829,10.9608,99092
1275,48.3008,13.1398,94140
1276,47.6358,9.5392,88097
1279,49.6497,11.0074,91096
1280,49.5692,10.9929,91058
1287,49.8589,9.2861,63863
1292,49.7522,11.8222,92676
1297,51.2041,10.0138,37269
1299,53.6476,7.6085,26427
1300,51.2540,8.1565,59889
1303,51.4041,6.9677,45133
1327,50.7119,6.7905,53919
1329,54.1340,10.5865,23701
1332,48.4832,12.7241,84326
1339,52.9157,10.1885,29328
1341,54.6000,11.1500,23769
1345,53.3346,13.4371,17258
1346,47.8749,8.0038,79868
1347,47.8555,8.1155,79868
1357,49.9807,11.8376,95686
1358,50.4283,12.9535,09484
1372,47.4608,10.2696,87538
1374,50.5049,10.1671,97650
1378,54.8086,9.4182,24939
1379,54.7737,9.3752,24941
1380,54.8147,9.4580,24944
1392,49.7317,12.3491,92696
1403,50.0616,9.4550,97833
1410,51.3512,11.0958,06567
1411,50.5309,10.0480,98634
1420,50.0259,8.5213,60549
1421,50.1474,8.6746,60433
1424,50.1269,8.6694,60323
1425,50.1213,8.6601,60323
1426,52.3397,14.5080,15234
1428,49.2275,8.0585,76833
1440,48.2018,7.9336,79348
1441,50.9263,13.2711,09599
1443,48.0233,7.8344,79108
1447,48.0130,7.8588,79104
1451,53.8277,9.2493,21729
1467,48.4607,8.4141,72250
1468,48.4537,8.4091,72250
1473,49.1780,11.3735,92342
1481,47.9216,8.2547,79877
1488,51.6884,11.0394,06507
1490,47.6454,9.4795,88045
1492,47.7819,7.7348,79429
1493,50.4788,11.0159,98749
1503,53.0643,7.9022,26169
1504,51.1190,9.2799,34560
1513,50.6588,8.1027,56479
1515,48.2000,11.2667,82256
1522,49.4811,10.9640,90766
1526,50.5668,9.6533,36039
1544,52.5129,11.3941,39638
1550,47.4831,11.0623,82467
1552,53.2066,14.3817,16307
1568,50.6549,10.7743,98559
1572,50.9593,6.0392,52511
1580,49.9859,7.9549,65366
1583,50.7719,13.7732,01773
1584,47.9242,8.6473,78187
1586,47.8774,12.6279,83278
1587,48.9481,11.4289,85095
1590,51.4942,6.2463,47608
1593,50.2027,9.1989,63571
1602,48.4329,7.9931,77797
1605,52.3875,12.1601,39307
1612,50.8813,12.1289,07546
1617,51.7259,11.1317,06485
1619,49.7622,8.4887,64579
1621,50.2766,9.9146,97779
1623,50.4477,9.9174,36129
1638,50.5910,8.6551,35398
1639,50.6017,8.6439,35435
1645,50.9656,9.0500,34630
1666,54.8273,9.5057,24960
1667,53.7970,9.4295,25348
1684,51.1622,14.9506,02828
1689,49.7656,11.3061,91327
1691,51.5003,9.9506,37083
1694,53.6060,12.1033,19399
1709,50.8500,13.9333,01816
1721,49.6640,11.2239,91322
1735,48.7893,13.6291,94143
1736,53.5731,10.6797,23883
1748,50.4788,9.2620,36355
1757,54.0967,13.4056,17489
1758,54.1000,13.4500,17493
1759,54.2437,13.9102,18586
1761,50.6500,12.2000,07973
1762,50.6249,12.1777,07973
1766,52.1344,7.6969,48268
1803,54.0714,12.3238,18190
1832,49.1128,13.1342,94252
1833,49.0851,13.2801,94227
1834,50.8519,10.4665,99891
1844,47.9410,11.9000,83620
1849,48.8126,11.5728,85098
1863,50.2667,9.1854,63584
1869,53.3153,13.9338,17291
1873,51.7956,10.2380,37539
1875,48.9354,9.7364,74417
1886,48.4878,10.2607,89312
1890,53.7667,12.2167,18273
1891,51.8771,8.3577,33334
1892,51.9298,8.3005,33334
1902,49.1273,10.7448,91710
1920,51.4129,7.4895,58099
1929,51.8597,10.3368,38644
1957,51.5138,11.9499,06120
1960,51.4831,11.9671,06108
1964,49.9445,6.3821,54646
1972,53.4793,10.2415,21465
1973,53.5598,9.9874,20355
1975,53.6332,9.9881,22335
1979,53.4213,10.1462,21037
1981,53.4777,9.8957,21147
1986,53.4699,10.1804,21037
1987,53.5467,9.9662,20359
1990,53.5853,10.1293,22045
1993,52.0848,9.3896,31789
2000,50.1205,8.9243,63450
2005,52.7199,10.5987,29386
2014,52.4644,9.6779,30669
2023,48.7918,10.7062,86655
2039,51.9002,10.5699,38667
2044,51.6520,11.1367,06493
2048,53.6342,9.6038,25489
2053,51.6868,10.8631,38899
2069,48.8629,13.0670,94571
2074,48.3751,8.9801,72379
2078,54.2181,9.0853,25795
2080,49.4206,8.6676,69120
2081,49.3981,8.7251,69117
2083,49.4192,8.6051,69123
2088,48.6765,10.1307,89518
2092,50.1691,7.9949,65321
2095,49.1448,9.2333,74076
2110,51.0411,6.1042,52525
2115,54.1750,7.8920,27498
2120,52.2164,11.0219,38350
2122,53.9701,9.0095,25709
2147,52.1264,8.6865,32049
2151,51.0048,10.1705,37293
2158,48.8042,8.4430,76332
2159,48.5915,8.8541,71083
2160,50.8444,10.6904,99887
2166,51.0167,14.7500,02747
2167,49.7672,7.3356,55758
2171,50.8519,9.7378,36251
2173,51.5890,7.1548,45699
2174,51.6255,10.3695,37412
2201,54.5750,13.1044,18565
2206,52.1408,9.8838,31139
2211,50.7371,7.6528,57612
2221,47.5408,10.4371,87541
2223,50.3674,10.5687,98631
2225,50.9167,14.3667,01855
2226,50.4707,10.9106,98673
2228,47.8983,8.1055,79856
2244,47.7327,8.1627,79862
2250,49.1279,12.8645,94267
2252,50.8990,14.7457,02763
2260,50.3230,11.9077,95028
2261,50.3122,11.8761,95030
2264,51.5337,9.4786,34369
2268,50.1352,10.5156,97461
2289,52.6667,12.3333,14715
2290,47.8009,11.0108,82383
2297,54.1195,9.7127,24594
2302,50.9632,11.4847,99441
2303,54.3146,9.5390,24806
2306,54.3194,10.6732,24321
2315,51.7657,13.1666,04916
2318,50.2182,7.9133,56357
2319,47.8823,11.6962,83607
2323,51.8529,9.4953,37639
2324,51.7659,9.5447,37603
2327,50.7316,9.0032,35315
2331,49.3278,7.3533,66424
2338,52.3333,7.5500,48477
2344,50.1511,11.6980,95236
2349,48.6136,8.2034,77887
2352,47.6227,8.0177,79736
2354,51.4379,14.2426,02977
2360,48.6018,11.6769,85283
2362,50.5651,7.4843,53547
2374,54.4752,9.0564,25813
2385,49.6927,7.3264,55743
2388,48.0419,7.6322,79241
2396,51.8667,10.6833,38871
2406,49.2967,9.6520,74653
2409,48.7662,11.4539,85055
2410,48.7112,11.5362,85077
2417,48.1644,12.0307,84424
2422,51.3768,7.7644,58675
2423,47.6894,10.0416,88316
2429,53.9897,9.5696,25551
2436,52.0547,13.2344,14947
2437,54.4570,9.5203,24878
2444,50.9251,11.5830,07745
2451,51.7954,12.9583,06917
2456,53.5322,7.8806,26419
2464,53.5316,9.6752,21635
2474,50.9104,6.4093,52428
2475,52.0000,13.1009,14913
2477,47.5938,7.9597,79736
2480,50.0643,8.9930,63796
2483,51.1803,8.4891,59955
2485,48.9171,9.6872,73667
2486,49.4262,7.7557,67663
2488,48.7701,10.7876,86687
2494,51.7329,6.2688,47546
2497,50.5014,6.5264,53925
2502,51.3180,10.1348,37308
2503,50.6266,10.1455,36452
2506,51.2667,14.0833,01917
2521,48.6765,11.2961,86668
2522,49.0382,8.3641,76187
2532,51.2963,9.4424,34134
2533,51.3340,9.4506,34128
2536,51.3173,9.4145,34131
2542,47.8652,10.6007,87600
2543,48.0916,10.8609,86916
2546,48.5576,7.8800,77694
2559,47.7233,10.3348,87437
2564,54.3761,10.1433,24159
2565,54.3378,10.0929,24119
2575,49.1804,9.9800,74592
2578,53.9995,11.4341,23999
2597,50.2241,10.0792,97688
2600,49.7363,10.1781,97318
2601,50.2218,8.4469,61479
2609,53.9587,10.3293,23795
2618,50.8458,10.4803,98599
2621,52.4036,13.2319,14532
2627,51.5555,13.8845,01994
2629,51.7612,6.0954,47533
2638,48.1054,8.7549,78588
2641,51.5185,12.9065,04862
2654,49.0265,8.7554,75438
2657,50.3369,7.5992,56076
2665,50.9615,6.9712,50735
2667,50.8646,7.1575,53842
2677,48.1413,8.4285,78126
2680,50.2840,10.4456,97631
2689,53.2279,9.6527,21255
2691,48.6707,11.2173,86669
2693,50.1855,8.4698,61462
2700,48.8302,11.4872,85092
2701,51.1329,11.7252,06628
2703,51.8550,9.3239,32676
2704,51.7511,12.0094,06366
2708,47.6652,11.0804,82433
2712,47.6774,9.1901,78464
2713,47.6605,9.1634,78462
2717,51.2662,8.8309,34497
2738,47.6447,11.7436,83708
2750,50.2523,11.3209,96317
2757,47.9077,7.7020,79189
2761,48.2510,10.4163,86381
2770,53.9015,10.2359,23829
2773,49.4283,11.9016,92245
2775,49.2795,9.6925,74653
2780,50.1003,11.4494,95326
2783,48.5126,12.1513,84036
2790,49.5592,7.4134,66869
2794,52.9363,12.4093,16866
2796,53.9156,12.2790,18299
2812,48.3647,7.8280,77933
2814,48.5121,9.7645,89188
2821,51.9603,10.0157,31195
2829,48.0772,10.9144,86929
2830,48.0349,10.8709,86899
2831,48.5357,12.1132,84034
2843,50.0075,8.6547,63225
2856,51.9173,13.0878,14913
2857,51.1173,10.6568,99947
2861,53.7445,7.4775,26465
2872,52.8457,7.3489,49762
2878,51.3910,11.8788,06246
2879,49.5781,9.7142,97922
2886,48.2176,9.9097,88471
2889,51.6323,10.4737,37431
2905,48.1849,10.8507,86836
2906,54.7750,8.9808,25917
2907,54.7903,8.9514,25917
2912,54.7419,9.8791,24395
2915,50.4833,11.4500,07349
2920,48.7654,12.5121,94339
2923,47.9116,10.6124,87666
2925,51.3933,10.3123,37327
2928,51.3151,12.4462,04288
2931,51.3920,12.3962,04356
2932,51.4348,12.2396,04435
2947,51.1333,8.0348,57368
2949,48.5396,9.5275,73252
2950,54.2190,10.8844,23738
2951,53.1007,11.4864,19309
2953,47.8597,8.2308,79853
2961,54.4996,10.2737,24229
2963,51.3167,12.0333,06237
2968,50.9894,6.9777,51061
2985,50.9383,14.2093,01855
2996,48.7726,8.7287,75378
3001,48.0674,7.6770,79241
3004,50.4116,8.0605,65555
3007,49.4111,8.3980,67117
3015,52.2085,14.1180,15848
3016,47.5980,9.8878,88161
3017,49.6800,8.7823,64678
3018,49.7117,8.7804,64678
3023,52.5181,7.3081,49808
3028,51.7855,8.8388,33175
3031,51.6336,8.3945,59558
3032,55.0110,8.4125,25992
3034,50.4505,11.6350,07356
3042,50.5617,8.2386,35792
3044,52.7198,7.7472,49624
3045,52.7432,7.8763,49624
3056,50.0103,9.6100,97816
3062,50.0352,7.8197,65391
3076,49.4606,8.4246,67065
3082,51.9333,13.8833,15907
3083,51.9267,13.8797,15907
3085,53.8773,10.6915,23568
3086,53.8025,10.6988,23560
3088,53.8953,10.7040,23568
3093,52.9724,11.1374,29439
3096,51.2131,7.6359,58511
3098,51.2452,7.6425,58513
3101,51.7694,7.4128,59348
3103,53.2657,10.4240,21337
3113,50.7663,10.7201,99885
3126,52.1029,11.5827,39116
3135,49.0643,9.5820,74535
3137,49.9656,8.2139,55127
3139,48.2166,11.2965,82216
3147,48.7726,12.2177,84066
3155,50.1015,6.8009,54531
3158,52.5468,14.5452,15328
3160,51.6084,11.4139,06343
3164,50.8492,8.7746,35091
3166,50.6510,13.1469,09496
3167,50.6620,7.9602,56470
3170,54.4937,11.2405,23769
3196,53.3223,11.9319,19376
3204,50.7334,10.8815,98693
3211,48.9359,13.5747,94151
3212,50.3249,7.2300,56727
3222,52.3411,9.1403,31715
3223,47.6985,9.2753,88709
3226,51.7259,11.5109,06449
3227,51.8936,8.9842,32805
3228,51.0976,7.6670,58540
3231,50.5612,10.3771,98617
3234,51.1294,13.4327,01665
3236,52.2044,8.3382,49324
3244,47.9820,10.1384,87700
3245,47.9833,10.2333,87766
3246,50.3667,7.3167,56743
3253,47.8309,8.0699,79837
3254,52.7156,7.3176,49716
3257,49.4773,9.7622,97980
3265,49.9220,9.2872,63875
3268,48.1694,8.9433,72469
3271,48.8548,12.9189,94526
3274,49.5070,6.5215,66693
3278,48.5376,9.2733,72555
3284,49.6691,9.0085,64720
3287,49.7176,9.0997,64720
3289,50.7281,11.7838,07819
3291,49.7120,9.2258,63897
3300,50.2285,9.1064,63584
3307,47.4779,11.2653,82481
3313,49.7328,8.7771,64397
3317,53.6128,10.6943,23879
3319,49.7644,9.2530,63934
3320,51.1970,6.4499,41065
3340,50.4383,7.8061,56410
3348,51.7209,9.8352,37186
3362,48.9721,8.8734,75417
3366,48.2791,12.5024,84453
3370,51.2076,10.3956,99974
3376,52.5176,14.1232,15374
3379,48.1631,11.5429,80637
3382,48.1441,11.6000,81675
3383,48.1635,11.5019,80638
3385,48.1660,11.5011,80638
3388,48.0919,11.6486,81739
3390,48.1369,11.7094,81829
3402,48.3851,9.4837,72525
3404,51.9494,7.5906,48161
3425,48.9729,9.5708,71540
3426,51.5660,14.7009,02953
3432,48.5667,8.7184,72202
3442,50.3574,8.7506,61231
3478,53.5468,13.1914,17039
3484,48.7097,11.2096,86633
3485,48.3115,10.3773,86476
3486,49.2931,9.2722,74861
3490,50.5346,7.0853,53474
3509,53.1020,13.0421,16775
3512,50.5000,11.1500,98724
3513,50.5002,11.1344,98724
3518,47.9760,8.9101,78579
3519,47.9519,8.9932,78579
3527,50.8923,9.4050,34626
3532,54.3609,10.6015,24321
3537,54.0873,9.9791,24537
3540,50.8446,7.3720,53819
3541,50.8956,7.3081,53819
3545,49.3440,7.2297,66539
3552,52.9037,12.8072,16816
3565,49.5728,10.6001,91413
3571,49.8174,11.8638,95514
3575,49.3570,8.1405,67433
3576,49.3478,8.1822,67433
3577,53.3585,13.0502,17235
3578,48.9832,12.1443,93055
3590,50.2335,8.8923,61130
3591,50.6743,6.4240,52385
3595,50.4107,7.8080,56412
3603,49.3895,9.9666,97996
3605,48.5334,10.2430,89168
3612,52.6711,9.2229,31582
3621,48.8253,10.5067,86756
3623,50.8294,6.6602,52388
3631,53.7123,7.1519,26548
3639,53.7647,8.6583,27637
3640,52.4124,7.0640,48529
3658,50.9095,7.5725,51588
3659,50.3391,6.9501,53520
3660,50.3601,6.8697,53534
3666,49.5008,11.1070,90411
3667,49.4258,11.2538,90475
3668,49.5030,11.0549,90427
3671,48.6321,9.3261,72622
3672,48.6207,8.8962,71154
3679,47.6187,12.1666,83088
3694,50.7005,10.7256,98559
3702,47.8780,7.8288,79244
3705,48.3147,8.5735,78727
3722,48.2443,11.5528,85764
3727,47.5619,10.0313,87534
3730,47.3986,10.2760,87561
3734,49.1280,9.3525,74182
3735,48.2635,12.2760,84419
3739,49.4521,12.4366,92526
3744,51.6018,9.5383,34399
3751,48.0449,9.8822,88416
3752,50.0300,11.8074,95686
3753,52.2042,7.1784,48607
3761,49.2070,9.5175,74613
3776,50.0946,8.7546,63069
3777,48.4593,7.9255,77656
3788,50.8646,14.7628,02785
3790,53.1018,8.2516,26135
3791,53.1763,8.1824,26127
3811,51.2960,13.0928,04758
3815,52.2553,8.0534,49082
3818,52.7167,11.7333,39579
3821,51.0873,11.9292,06721
3825,49.5033,7.2773,66629
3836,50.4538,10.2211,97645
3856,47.6383,10.4313,87466
3857,47.6362,10.3892,87466
3867,53.0643,7.4814,26871
3875,49.1510,11.6896,92331
3878,48.5807,13.4152,94034
3879,48.5779,13.4694,94034
3883,50.5999,11.9966,07952
3897,54.0893,10.8773,23730
3903,49.5114,6.3857,66706
3904,49.5354,6.3789,66706
3915,51.9893,13.3608,15837
3922,49.1162,10.8598,91738
3924,48.9059,8.7412,75181
3925,48.9329,8.6973,75228
3927,47.9344,9.2869,88630
3929,49.2511,8.4415,76661
3939,49.1912,7.5879,66954
3946,50.4819,12.1300,08527
3955,54.1590,10.4020,24306
3974,49.5058,11.5142,91224
3975,49.4777,11.5357,91224
3987,52.3813,13.0622,14473
3988,52.3822,13.0622,14473
4005,47.8588,12.3624,83209
4018,48.1877,11.2206,82256
4024,54.3643,13.4771,18581
4029,52.6691,7.9544,49610
4032,51.7953,11.1320,06484
4036,51.3895,11.5412,06268
4038,53.7276,9.9071,25451
4039,53.7331,9.8776,25451
4053,47.7458,9.0007,78315
4063,52.4461,8.5906,32369
4066,47.9091,11.1048,82399
4077,48.8471,8.1869,76437
4079,51.1765,11.4183,99636
4091,47.7327,12.6827,83324
4094,47.8062,9.6206,88250
4100,51.6243,7.1820,45657
4104,49.0424,12.1021,93057
4125,47.7238,12.8740,83435
4127,50.9906,7.6958,51580
4149,50.5602,13.2222,09496
4152,47.6783,8.1527,79809
4154,51.1800,7.2505,42897
4156,54.2878,9.6749,24783
4157,50.5052,7.4881,56579
4160,48.7425,8.9240,71272
4166,48.5051,9.1833,72770
4169,48.6703,7.9939,77866
4174,52.2887,7.3866,48432
4175,47.5590,7.7721,79618
4177,48.9726,8.3301,76287
4189,48.1479,9.4596,88499
4222,50.5263,12.4091,08228
4233,50.3833,9.5167,36381
4240,50.6407,6.2058,52159
4261,47.8754,12.1280,83024
4271,54.1803,12.0808,18119
4275,53.1288,9.3398,27356
4278,49.2511,11.0934,91154
4280,49.2164,11.1036,91154
4287,49.3848,10.1732,91541
4288,52.1038,8.1808,49214
4293,47.6819,11.7714,83700
4294,48.4704,8.9687,72108
4300,48.1814,8.6356,78628
4301,49.8502,7.8710,55543
4318,47.7310,12.6610,83324
4320,54.0934,10.2223,24601
4323,49.6468,7.8837,67808
4327,48.8765,13.0490,94469
4330,48.8026,8.9557,71277
4332,50.6563,11.3894,07318
4336,49.2128,7.1077,66131
4339,49.2231,7.0168,66121
4343,49.3256,6.7354,66740
4347,51.5909,10.5691,37441
4349,48.9569,9.0710,74343
4350,47.5619,7.9399,79713
4354,48.7832,13.3146,94163
4364,52.0355,10.3054,38259
4367,52.0781,9.5520,31020
4371,52.1042,8.7521,32108
4373,52.8568,11.1319,29410
4377,50.3517,10.0034,97657
4386,47.7610,8.1247,79837
4390,48.0091,8.0966,79274
4391,53.9878,9.1125,25693
4393,54.3279,8.6031,25826
4396,49.4672,7.2036,66606
4397,49.5025,7.2020,66606
4401,51.6334,8.1872,59505
4411,49.9195,8.9671,64850
4419,47.9556,7.7134,79227
4425,49.4864,7.0290,66636
4429,47.5880,9.8500,88175
4433,48.1994,9.7700,88433
4436,50.8166,9.8460,36277
4438,49.9750,11.0395,96110
4442,51.9119,9.1533,32816
4445,51.7658,10.6533,38879
4464,50.5679,11.8041,07907
4466,54.5275,9.5487,24837
4468,54.5227,9.5649,24837
4471,47.7358,11.8505,83727
4474,49.7961,7.7583,55585
4477,47.8208,8.1860,79859
4479,50.3849,9.5358,36381
4480,50.3447,9.5534,36381
4484,53.6615,10.2543,22927
4485,50.7250,10.4539,98574
4489,51.8833,10.7667,38855
4490,49.4149,6.8360,66839
4501,50.6546,10.7693,98559
4505,50.5000,12.4500,08209
4508,50.2968,6.4194,54597
4517,48.7859,8.6451,75328
4548,50.2046,12.1435,95100
4549,48.1002,8.1969,78141
4556,48.1402,8.1991,78136
4557,47.6463,7.8439,79650
4559,49.1643,12.6175,93489
4560,50.4925,9.1226,63679
4571,51.8369,10.4312,38707
4576,49.3261,11.0120,91126
4581,48.7768,9.8025,73529
4582,49.0817,9.6868,74523
4584,48.3667,11.8000,85356
4586,50.1394,8.0627,65307
4592,49.3278,12.0870,92421
4593,51.9639,11.1208,39397
4597,47.5769,10.7181,87645
4605,50.6440,11.1937,07427
4606,51.5167,14.3500,02979
4612,50.5513,12.7678,08340
4621,50.0575,10.2160,97424
4625,53.6425,11.3872,19059
4629,54.5166,9.1420,25813
4642,52.8911,11.7297,39615
4649,50.8698,7.3228,53819
4651,51.9040,10.1885,38723
4656,53.9278,10.2993,23795
4664,50.1969,12.1727,95100
4692,50.8534,7.9966,57080
4702,48.1000,9.2500,72511
4703,48.0719,9.1942,72488
4704,47.5776,9.7404,88138
4705,49.7595,12.3891,95671
4706,48.2719,13.0273,84359
4709,49.9996,7.5981,55494
4719,49.2447,8.8787,74889
4729,50.2882,9.4583,36396
4741,51.1402,7.0930,42659
4745,52.9604,9.7930,29614
4748,51.3520,10.9059,99706
4752,50.3746,11.1828,96515
4763,51.0607,9.9266,36205
4765,51.2801,9.9849,37242
4775,49.7858,11.8211,92676
4782,51.6040,12.1093,06780
4818,50.1531,11.7403,95236
4837,47.9869,7.9466,79252
4841,53.6946,8.8735,21775
4847,51.3629,9.6902,34346
4857,53.5527,9.6094,21720
4878,51.6646,10.8811,38899
4881,47.8591,9.0152,78333
4887,48.6657,9.8646,89558
4896,54.6654,9.8050,24392
4911,48.8275,12.5598,94351
4926,48.7896,9.2167,70188
4927,48.7693,9.1814,70180
4928,48.8282,9.2000,70376
4931,48.6883,9.2235,70794
4933,48.7091,9.2147,70599
4939,51.7333,11.1167,06507
4977,52.5447,11.9724,39590
4978,50.6390,10.0228,36142
4987,49.6122,9.6747,97941
4996,47.7099,11.7639,83684
4997,50.9771,12.3419,04617
5009,53.7610,12.5574,17166
5014,53.2758,8.9857,27726
5017,50.4002,11.3889,96358
5024,52.2333,12.0500,39291
5029,49.4738,7.0386,66636
5032,49.8850,9.8469,97291
5039,50.8430,10.1613,36469
5046,49.8576,12.3542,95643
5047,47.9394,8.1933,79822
5049,47.8991,8.1460,79822
5059,47.7280,7.9988,79682
5063,47.7566,11.5819,83646
5064,51.2897,6.4437,47918
5067,51.7643,9.5628,37603
5068,51.5833,13.0000,04860
5074,47.8663,12.6566,83278
5075,47.8516,12.6182,83278
5078,53.9619,10.8892,23570
5088,54.5337,13.2460,18569
5094,48.1316,8.2283,78098
5095,48.1288,8.2330,78098
5097,54.0661,12.7675,18465
5099,49.7326,6.6131,54294
5100,49.7479,6.6582,54296
5105,48.3132,9.2472,72818
5107,48.2814,9.3137,72818
5109,53.5997,13.3039,17039
5111,48.0311,12.5396,83308
5120,48.5198,9.0515,72070
5127,48.0083,8.8179,78532
5128,47.9682,8.7900,78532
5133,51.3344,8.9132,34477
5138,47.7713,9.1562,88662
5142,53.7444,14.0697,17373
5146,52.9414,10.5289,29525
5149,49.5741,10.1916,97258
5155,48.3837,9.9524,89077
5158,52.1601,11.1759,39365
5165,52.8499,10.2898,29345
5174,48.4951,9.4003,72574
5185,49.5933,11.0704,91080
5229,48.0453,8.4608,78050
5236,52.8318,8.3112,49429
5244,49.2581,6.8612,66333
5245,49.2495,6.8804,66333
5250,48.0908,7.6353,79235
5252,52.1030,9.5845,31863
5267,52.0722,11.0222,39393
5275,49.2445,8.5374,68753
5277,50.8119,9.1280,36320
5279,51.6194,9.5749,37194
5280,53.9224,10.2267,23829
5282,51.1197,13.6744,01445
5284,48.8279,9.3228,71332
5289,48.4918,8.5612,72178
5291,47.9760,8.1558,79822
5296,51.2070,9.0658,34513
5300,50.2596,8.3607,65529
5306,48.9293,13.4641,94556
5317,50.0097,12.2979,95652
5320,47.6172,8.2388,79761
5335,50.8963,10.5484,99880
5344,53.7852,7.8533,26486
5347,51.5040,9.1118,34414
5349,53.5196,12.6654,17192
5361,50.6271,9.4420,36367
5369,48.0572,12.2202,83512
5371,50.4973,9.9428,36129
5377,47.5714,12.9337,83486
5397,49.6663,12.1845,92637
5398,49.1965,10.6487,91746
5403,49.5900,10.2588,97215
5404,48.4025,11.6946,85354
5410,50.4732,8.2588,35781
5419,50.9751,11.3076,99425
5424,51.0176,11.3544,99427
5426,49.3758,8.1213,67433
5429,49.1512,9.2920,74189
5431,53.0333,11.8000,19322
5433,49.5534,6.8120,66709
5434,50.0858,11.2364,96260
5435,48.8457,8.9073,71287
5440,49.0116,10.9308,91781
5442,51.2002,11.9154,06667
5445,51.2120,10.9956,99631
5453,48.1880,7.6977,79367
5460,48.1477,8.6954,78669
5463,52.0654,14.6898,15898
5467,47.7035,12.0119,83735
5480,51.5763,7.8879,59457
5488,49.9622,10.0482,97440
5490,51.8454,10.7686,38855
5498,49.7667,9.5428,97877
5514,54.8991,8.3123,25980
5516,54.5284,11.0605,23769
5533,51.6170,10.5843,37447
5538,47.8827,11.1576,82407
5540,50.0681,8.2603,65189
5541,50.1320,8.3170,65207
5543,50.0863,8.1872,65199
5546,52.1207,12.4585,14827
5559,48.7848,8.5764,75323
5560,48.7501,8.5365,75323
5562,48.6516,8.6801,75387
5568,51.1056,9.1081,34537
5575,53.5901,8.1060,26388
5582,51.2940,8.6026,34508
5583,51.2818,8.6673,34508
5609,48.8031,9.4699,73650
5610,51.1968,8.5268,59955
5624,53.9026,11.4254,23968
5629,51.8892,12.6445,06886
5640,53.5504,7.6672,26409
5642,53.1833,12.5167,16909
5643,53.1864,12.4949,16909
5644,51.3493,9.8438,37213
5654,49.2178,10.2296,91637
5663,53.4618,13.6099,17348
5664,48.2953,8.2391,77709
5665,47.8180,9.7970,88364
5675,52.4411,10.7587,38440
5676,52.3962,10.6892,38442
5681,49.5811,7.6234,67752
5692,49.6051,8.3659,67547
5703,49.7964,9.8949,97082
5705,49.7703,9.9577,97074
5707,49.7995,9.9280,97070
5715,52.4605,9.4311,31515
5717,51.2256,7.1052,42329
5719,51.2051,7.2000,42855
5728,52.8039,12.8714,16818
5731,47.6783,8.3801,79793
5732,54.6928,8.5271,25938
5745,52.9664,13.3268,16792
5750,51.0314,12.1495,06712
5761,51.9642,12.0996,39261
5778,54.0801,13.8989,17454
5779,50.7314,13.7516,01773
5792,47.4209,10.9847,82491
5797,50.6878,12.4329,08115
5800,49.0280,13.2385,94227
5802,49.0007,13.2137,94227
5821,52.8482,8.7190,27211
5822,52.8630,8.6988,27211
5825,52.6198,12.7867,14641
5832,53.1007,11.0455,29451
5839,53.3881,7.2287,26721
5840,48.6669,8.4699,75337
5856,48.5451,13.3531,94081
5871,49.9462,7.2645,55483
5885,48.6582,9.4203,73230
5890,47.6777,11.0473,82433
5898,48.8943,9.2058,71638
5904,48.6493,11.7772,84048
5906,49.5062,8.5585,68259
5912,51.1318,9.5189,34212
5920,50.4485,7.4275,56567
5930,54.6410,10.0238,24398
5941,47.6754,12.4698,83242
5971,48.8787,9.6342,73642
6086,52.7786,13.7590,16230
6093,53.2139,10.4704,21403
6095,51.0838,13.4486,01665
6105,54.3194,9.8051,24790
6109,53.3837,14.3728,17322
6110,53.8545,13.4949,17391
6112,54.2670,13.1430,18439
6129,51.0593,14.4266,02689
6157,53.6410,8.0808,26434
6158,49.2247,10.6084,91746
6159,52.9542,7.3196,26892
6163,54.1654,10.3519,24326
6170,52.0192,14.7254,15898
6182,48.7757,12.1743,84066
6184,53.5333,8.1667,26382
6186,50.1989,7.8651,56355
6196,50.1587,12.0386,95100
6197,51.8664,9.2709,32676
6199,54.2484,13.0418,18442
6217,49.2406,6.9351,66115
6219,48.8768,11.1043,91795
6258,47.6845,9.4409,88048
6259,49.0210,9.6032,71577
6260,49.3328,9.7040,74653
6262,48.7695,9.8737,73529
6263,47.7738,8.8219,78224
6264,51.4140,8.6500,59929
6265,52.3613,12.3867,14789
6266,52.0304,10.9626,38836
6272,50.8426,10.2518,36433
6273,52.5075,11.8551,39579
6275,48.6705,9.4627,73274
6304,49.3533,11.5053,92367
6305,51.2061,10.4978,99974
6310,54.1049,13.8239,17449
6312,49.5314,10.6418,91459
6314,51.0507,13.3003,01683
6336,50.0132,9.6540,97816
6337,51.7663,7.5193,59348
6344,50.3940,8.1423,65594
6346,48.2070,11.2035,82216
6347,50.0579,10.2972,97453
7075,48.7020,11.8493,84094
7099,52.0111,10.3966,38704
7105,47.8350,12.6548,83313
7106,52.0714,8.4565,33739
7135,47.9655,9.6804,88326
7187,49.7636,9.4063,97896
7244,53.1424,13.0319,16775
7298,54.5268,9.0425,25856
7319,48.7351,10.7415,86609
7321,51.1507,11.3321,99628
7325,47.4167,10.9794,82475
7329,50.5467,12.2863,08233
7330,51.4634,7.9780,59755
7331,48.6099,10.2674,89568
7341,50.0900,8.7862,63071
7343,50.6199,13.4816,09548
7350,49.1088,12.8231,94267
7351,53.3175,13.4175,17258
7364,51.6820,12.3042,06800
7367,51.9644,9.8072,31061
7368,51.0007,10.3621,99817
7369,49.1623,10.3662,91555
7370,49.3909,12.6838,93449
7373,53.5984,6.7024,26757
7374,52.0814,6.9410,48683
7389,52.7461,13.8427,16259
7393,51.4493,14.2533,02977
7394,50.0315,11.9745,95632
7395,48.6596,12.5388,84177
7396,50.5084,9.2247,63679
7403,47.7955,10.0324,88299
7410,50.7513,9.0224,35315
7412,50.0083,9.4239,97843
7419,50.6610,12.0757,07957
7420,51.1044,11.7112,06628
7424,47.7724,12.9073,83451
7427,54.0188,9.9255,24634
7428,50.4167,10.8156,98669
7431,48.0130,11.5524,82041
7432,52.6423,10.6627,29379
13670,51.5088,6.7018,47199
13674,49.2942,8.9054,74915
13675,52.0818,9.4077,31789
13696,51.5966,7.4049,45731
13700,51.3329,7.3411,58285
13710,48.5734,12.2576,84036
13711,50.6819,11.5150,07387
13713,51.0899,7.6290,58540
13776,52.1789,9.9524,31137
13777,52.2467,10.9592,38350
13903,54.0167,8.3167,27499
13904,55.0000,6.3333,-3
13965,48.2639,8.8134,72336
14138,52.1655,14.1224,15848
14311,50.1505,6.5526,54570
15000,50.7983,6.0244,52074
15207,51.2835,9.3590,34270
15444,48.4418,9.9216,89160
15526,53.5467,9.9716,20459
15555,47.8761,10.5848,87600
15926,49.3410,12.1330,92421
15951,49.2121,7.5882,66953
15963,51.3258,6.5089,47918
15965,50.3102,9.7838,97769
15979,49.9311,7.5153,55471
